q01	d016: 0.1155,d085: 0.0683,d259: 0.0681,d254: 0.0572,d186: 0.0495,d209: 0.0478,d215: 0.0367,d008: 0.0339,d153: 0.0338,d170: 0.0307,d163: 0.0279,d185: 0.0267,d154: 0.0238,d315: 0.0228,d089: 0.0218,d296: 0.0214,d060: 0.0194,d006: 0.0183,d004: 0.0180,d099: 0.0179,d162: 0.0167,d243: 0.0154,d100: 0.0152,d179: 0.0144,d094: 0.0144,d039: 0.0142,d059: 0.0136,d145: 0.0136,d312: 0.0126,d311: 0.0119,d329: 0.0109,d065: 0.0108,d299: 0.0104,d130: 0.0103,d074: 0.0102,d028: 0.0101,d172: 0.0101,d082: 0.0099,d273: 0.0099,d281: 0.0090,d255: 0.0086,d152: 0.0085,d317: 0.0085,d077: 0.0085,d195: 0.0082,d212: 0.0081,d284: 0.0078,d275: 0.0078,d265: 0.0076,d164: 0.0074,d052: 0.0074,d032: 0.0073,d229: 0.0070,d316: 0.0069,d136: 0.0068,d021: 0.0066,d024: 0.0064,d234: 0.0063,d116: 0.0062,d038: 0.0061,d123: 0.0060,d184: 0.0057
q02	d147: 0.1204,d283: 0.0734,d149: 0.0610,d291: 0.0492,d134: 0.0456,d293: 0.0416,d023: 0.0402,d002: 0.0315,d037: 0.0262,d139: 0.0248,d187: 0.0234,d143: 0.0233,d014: 0.0230,d282: 0.0217,d052: 0.0201,d316: 0.0190,d318: 0.0183,d051: 0.0181,d150: 0.0178,d136: 0.0176,d039: 0.0172,d294: 0.0163,d296: 0.0156,d128: 0.0155,d107: 0.0154,d268: 0.0153,d103: 0.0148,d222: 0.0146,d166: 0.0140,d287: 0.0136,d320: 0.0131,d090: 0.0125,d124: 0.0120,d137: 0.0119,d252: 0.0117,d145: 0.0114,d306: 0.0111,d142: 0.0107,d131: 0.0107,d106: 0.0106,d250: 0.0104,d117: 0.0102,d164: 0.0099,d108: 0.0097,d058: 0.0094,d211: 0.0093,d254: 0.0091,d185: 0.0089,d119: 0.0084,d290: 0.0082,d248: 0.0081,d046: 0.0079,d172: 0.0078,d160: 0.0077,d020: 0.0076,d234: 0.0074,d197: 0.0073,d031: 0.0072,d017: 0.0071,d227: 0.0070,d047: 0.0069,d246: 0.0065,d173: 0.0064,d018: 0.0064,d237: 0.0063,d044: 0.0061,d007: 0.0060,d305: 0.0058,d210: 0.0055,d245: 0.0054,d221: 0.0053,d179: 0.0051,d068: 0.0051,d083: 0.0050,d116: 0.0050,d158: 0.0049,d202: 0.0049,d022: 0.0048,d264: 0.0048,d151: 0.0047,d144: 0.0047,d263: 0.0046,d228: 0.0045,d243: 0.0045,d180: 0.0045,d307: 0.0044,d054: 0.0044,d215: 0.0044,d064: 0.0044,d121: 0.0044,d098: 0.0043,d029: 0.0042,d251: 0.0041,d229: 0.0041,d239: 0.0041,d082: 0.0040,d319: 0.0039,d021: 0.0039,d204: 0.0038,d153: 0.0038,d260: 0.0037,d019: 0.0037,d062: 0.0037,d042: 0.0036,d122: 0.0036,d130: 0.0035,d154: 0.0035,d140: 0.0035,d206: 0.0034,d269: 0.0033,d308: 0.0033,d212: 0.0032,d255: 0.0032,d063: 0.0032,d120: 0.0031,d225: 0.0031,d323: 0.0031,d298: 0.0031,d005: 0.0030,d242: 0.0030,d327: 0.0030,d322: 0.0029,d010: 0.0028,d218: 0.0028,d129: 0.0028,d224: 0.0028,d200: 0.0028,d257: 0.0027,d105: 0.0027,d077: 0.0027,d055: 0.0026,d186: 0.0025,d133: 0.0025,d236: 0.0025,d118: 0.0025,d262: 0.0024,d043: 0.0024,d324: 0.0024,d040: 0.0022,d232: 0.0022,d230: 0.0021,d102: 0.0021,d141: 0.0021,d050: 0.0021,d070: 0.0021,d219: 0.0020,d163: 0.0019,d313: 0.0019,d300: 0.0019,d198: 0.0019,d273: 0.0018,d271: 0.0018,d266: 0.0018,d001: 0.0018,d067: 0.0018,d309: 0.0018,d196: 0.0017,d061: 0.0017,d281: 0.0017,d297: 0.0017,d279: 0.0017,d190: 0.0016,d226: 0.0016,d045: 0.0016,d238: 0.0016,d101: 0.0016,d317: 0.0016,d233: 0.0016,d161: 0.0015,d191: 0.0015,d277: 0.0015,d285: 0.0015,d284: 0.0015,d004: 0.0014,d302: 0.0014,d278: 0.0014,d330: 0.0014,d286: 0.0014,d205: 0.0014,d188: 0.0014,d152: 0.0014,d027: 0.0014,d085: 0.0013,d162: 0.0013,d216: 0.0013,d314: 0.0013,d214: 0.0012,d079: 0.0012,d024: 0.0012,d194: 0.0012,d249: 0.0012,d304: 0.0012,d328: 0.0011,d244: 0.0011,d080: 0.0011,d203: 0.0011,d184: 0.0009,d003: 0.0009,d303: 0.0007
q03	d283: 0.0552,d291: 0.0420,d105: 0.0287,d152: 0.0287,d147: 0.0273,d318: 0.0216
q04	d019: 0.1606,d270: 0.1387,d049: 0.1130,d310: 0.0786,d275: 0.0756,d010: 0.0686,d289: 0.0416,d286: 0.0358,d130: 0.0262,d330: 0.0248,d100: 0.0223,d060: 0.0191,d046: 0.0163,d205: 0.0160,d013: 0.0156,d199: 0.0155,d184: 0.0154,d252: 0.0146,d196: 0.0143,d111: 0.0139,d110: 0.0139,d314: 0.0132,d093: 0.0127,d091: 0.0117,d081: 0.0111,d121: 0.0102,d300: 0.0101,d296: 0.0101,d142: 0.0100,d306: 0.0097,d208: 0.0094,d312: 0.0090,d298: 0.0087,d213: 0.0081,d308: 0.0080,d018: 0.0080,d082: 0.0075,d133: 0.0071,d251: 0.0071,d075: 0.0070,d113: 0.0070,d221: 0.0069,d292: 0.0066,d271: 0.0065,d262: 0.0065,d301: 0.0065,d030: 0.0064,d268: 0.0064,d307: 0.0063,d303: 0.0063,d114: 0.0062,d246: 0.0062,d117: 0.0061,d071: 0.0059,d048: 0.0058,d005: 0.0057,d227: 0.0057,d001: 0.0056,d061: 0.0056,d180: 0.0054,d124: 0.0054,d041: 0.0054,d089: 0.0054,d216: 0.0053,d122: 0.0053,d009: 0.0053,d230: 0.0052,d108: 0.0050,d238: 0.0049,d290: 0.0049,d279: 0.0048,d043: 0.0048,d327: 0.0048,d193: 0.0047,d145: 0.0047,d163: 0.0047,d160: 0.0046,d198: 0.0046,d020: 0.0045,d264: 0.0045,d104: 0.0044,d087: 0.0043,d062: 0.0042,d050: 0.0042,d276: 0.0041,d261: 0.0040,d263: 0.0040,d248: 0.0040,d022: 0.0039,d088: 0.0037,d164: 0.0037,d194: 0.0037,d212: 0.0037,d215: 0.0036,d250: 0.0035,d219: 0.0035,d014: 0.0035,d210: 0.0035,d024: 0.0035,d040: 0.0035,d131: 0.0034,d029: 0.0033,d119: 0.0033,d226: 0.0032,d319: 0.0031,d253: 0.0031,d269: 0.0031,d192: 0.0030,d129: 0.0030,d197: 0.0030,d200: 0.0030,d073: 0.0029,d294: 0.0029,d266: 0.0029,d023: 0.0028,d255: 0.0028,d125: 0.0028,d123: 0.0028,d102: 0.0027,d162: 0.0027,d055: 0.0026,d280: 0.0026,d106: 0.0026,d186: 0.0025,d006: 0.0025,d063: 0.0025,d042: 0.0025,d209: 0.0025,d259: 0.0025,d126: 0.0024,d234: 0.0024,d241: 0.0024,d274: 0.0023,d265: 0.0022,d136: 0.0022,d181: 0.0021,d112: 0.0021,d175: 0.0020,d202: 0.0020,d257: 0.0020,d058: 0.0020,d191: 0.0020,d144: 0.0019,d021: 0.0019,d120: 0.0019,d284: 0.0019,d214: 0.0019,d047: 0.0019,d232: 0.0019,d059: 0.0019,d052: 0.0019,d012: 0.0018,d242: 0.0018,d304: 0.0018,d235: 0.0018,d157: 0.0018,d143: 0.0018,d189: 0.0018,d070: 0.0018,d244: 0.0018,d220: 0.0018,d039: 0.0018,d054: 0.0018,d217: 0.0017,d291: 0.0017,d092: 0.0017,d249: 0.0015,d037: 0.0014,d206: 0.0014,d207: 0.0014,d225: 0.0014,d302: 0.0012,d278: 0.0012,d044: 0.0012,d032: 0.0012,d027: 0.0012,d147: 0.0011,d095: 0.0011,d066: 0.0011,d079: 0.0010,d008: 0.0010,d151: 0.0010,d295: 0.0009,d098: 0.0009,d237: 0.0009,d007: 0.0009,d156: 0.0008,d028: 0.0008,d287: 0.0008,d174: 0.0008,d146: 0.0008,d065: 0.0007,d051: 0.0007,d031: 0.0007,d099: 0.0007,d247: 0.0007,d211: 0.0006,d076: 0.0006,d166: 0.0006,d169: 0.0006,d004: 0.0006,d254: 0.0006,d085: 0.0006,d115: 0.0006,d183: 0.0006,d195: 0.0006,d229: 0.0006,d283: 0.0006,d231: 0.0006,d179: 0.0005,d015: 0.0005,d118: 0.0005,d168: 0.0005,d256: 0.0005,d038: 0.0005,d080: 0.0005,d316: 0.0005,d324: 0.0005,d203: 0.0005,d258: 0.0004,d293: 0.0004,d260: 0.0004,d003: 0.0004,d177: 0.0003
q06	d297: 0.5462,d329: 0.4716,d026: 0.2405,d029: 0.1298,d025: 0.1215,d257: 0.0839,d233: 0.0664,d069: 0.0323,d023: 0.0312,d166: 0.0255,d154: 0.0212,d004: 0.0205,d302: 0.0204,d012: 0.0203,d211: 0.0194,d077: 0.0193,d215: 0.0191,d186: 0.0180,d021: 0.0160,d139: 0.0158,d060: 0.0146,d303: 0.0139,d225: 0.0136,d208: 0.0125,d265: 0.0123,d134: 0.0120,d245: 0.0117,d231: 0.0113,d236: 0.0109,d070: 0.0090,d220: 0.0090,d237: 0.0088,d110: 0.0088,d270: 0.0087,d319: 0.0086,d192: 0.0083,d081: 0.0083,d209: 0.0083,d163: 0.0083,d128: 0.0080,d104: 0.0078,d003: 0.0074,d061: 0.0073,d034: 0.0069,d202: 0.0067,d170: 0.0067,d018: 0.0067,d212: 0.0066,d046: 0.0065,d247: 0.0065,d044: 0.0062,d129: 0.0061,d205: 0.0060,d087: 0.0059,d305: 0.0059,d041: 0.0058,d079: 0.0052,d234: 0.0051,d193: 0.0051,d052: 0.0051,d199: 0.0051,d116: 0.0050,d039: 0.0049,d262: 0.0049,d033: 0.0049,d098: 0.0044,d294: 0.0044,d251: 0.0042
q07	d146: 0.1826,d289: 0.1074,d004: 0.0731,d034: 0.0506,d123: 0.0506,d098: 0.0455,d042: 0.0452,d266: 0.0409,d117: 0.0366,d234: 0.0330,d113: 0.0290,d165: 0.0264,d153: 0.0253,d151: 0.0248,d284: 0.0246,d287: 0.0242,d155: 0.0242,d282: 0.0241,d044: 0.0239,d078: 0.0233,d247: 0.0233,d062: 0.0222,d262: 0.0209,d211: 0.0192,d140: 0.0181,d149: 0.0175,d033: 0.0174,d253: 0.0173,d011: 0.0161,d074: 0.0148,d139: 0.0143,d057: 0.0141,d255: 0.0125,d083: 0.0123,d240: 0.0115,d301: 0.0114,d150: 0.0109,d137: 0.0108,d163: 0.0107,d087: 0.0106,d252: 0.0106,d305: 0.0105,d088: 0.0104,d115: 0.0104,d293: 0.0101,d271: 0.0096,d031: 0.0094,d060: 0.0094,d071: 0.0092,d157: 0.0089,d143: 0.0081,d323: 0.0081,d129: 0.0078,d200: 0.0077,d158: 0.0074,d179: 0.0070,d084: 0.0066,d263: 0.0062
q08	d292: 0.1743,d251: 0.1599,d180: 0.1387,d110: 0.1208,d106: 0.1038,d117: 0.0993,d005: 0.0930,d235: 0.0864,d108: 0.0806,d144: 0.0551,d107: 0.0549,d028: 0.0549,d246: 0.0513,d269: 0.0455,d304: 0.0425,d271: 0.0374,d121: 0.0330,d205: 0.0311,d115: 0.0285,d030: 0.0275,d125: 0.0253,d075: 0.0223,d130: 0.0212,d091: 0.0210,d070: 0.0208,d211: 0.0205,d208: 0.0202,d294: 0.0178,d312: 0.0176,d083: 0.0139,d019: 0.0139,d104: 0.0134,d198: 0.0125,d043: 0.0121,d138: 0.0119,d224: 0.0109,d062: 0.0088,d059: 0.0088,d189: 0.0087,d142: 0.0083,d192: 0.0075,d221: 0.0073,d266: 0.0070,d196: 0.0066,d232: 0.0063,d226: 0.0063,d215: 0.0062,d008: 0.0061,d327: 0.0061,d151: 0.0059,d282: 0.0059,d270: 0.0057,d044: 0.0056,d290: 0.0055,d081: 0.0053,d113: 0.0051,d122: 0.0051,d082: 0.0049,d155: 0.0048,d148: 0.0047,d037: 0.0045,d099: 0.0044,d063: 0.0044,d045: 0.0043,d202: 0.0042,d223: 0.0041,d207: 0.0041,d093: 0.0040,d288: 0.0040,d046: 0.0039,d022: 0.0039,d126: 0.0039,d089: 0.0039,d127: 0.0039,d210: 0.0038,d278: 0.0037,d197: 0.0037,d080: 0.0037,d095: 0.0037,d264: 0.0036,d216: 0.0036,d213: 0.0035,d236: 0.0034,d024: 0.0033,d281: 0.0033,d040: 0.0032,d133: 0.0032,d118: 0.0031,d009: 0.0031,d250: 0.0031,d201: 0.0030,d123: 0.0030,d209: 0.0029,d050: 0.0029,d325: 0.0029,d219: 0.0028,d131: 0.0027,d301: 0.0026,d237: 0.0026,d255: 0.0026,d035: 0.0026,d170: 0.0025,d274: 0.0025,d287: 0.0024,d013: 0.0024,d001: 0.0024,d240: 0.0024,d076: 0.0024,d096: 0.0023,d286: 0.0023,d078: 0.0023,d320: 0.0022,d129: 0.0022,d193: 0.0021,d135: 0.0021,d085: 0.0021,d308: 0.0021,d015: 0.0021,d073: 0.0020,d195: 0.0020,d296: 0.0020,d087: 0.0019,d305: 0.0019,d079: 0.0019,d263: 0.0018,d241: 0.0018,d200: 0.0018,d039: 0.0017,d182: 0.0016,d164: 0.0015,d316: 0.0015,d042: 0.0015,d038: 0.0015,d203: 0.0014,d190: 0.0012,d034: 0.0011,d074: 0.0011,d064: 0.0009,d124: 0.0009,d026: 0.0008,d103: 0.0008,d225: 0.0008,d051: 0.0007,d261: 0.0006,d248: 0.0006,d206: 0.0006,d101: 0.0006,d120: 0.0006,d006: 0.0006,d109: 0.0006,d330: 0.0005,d102: 0.0005,d054: 0.0005,d291: 0.0005,d244: 0.0005,d319: 0.0005,d149: 0.0005,d253: 0.0005,d314: 0.0005,d306: 0.0005,d174: 0.0005,d265: 0.0005,d111: 0.0005,d309: 0.0005,d168: 0.0005,d069: 0.0005,d228: 0.0004,d119: 0.0004,d283: 0.0004,d053: 0.0004,d147: 0.0004,d179: 0.0004,d260: 0.0004,d329: 0.0004,d212: 0.0004,d217: 0.0004,d194: 0.0004,d160: 0.0004,d284: 0.0004,d153: 0.0004,d307: 0.0004,d088: 0.0004,d097: 0.0004,d077: 0.0004,d222: 0.0003,d055: 0.0003,d257: 0.0003,d060: 0.0003,d048: 0.0003,d317: 0.0003,d158: 0.0003,d165: 0.0003,d052: 0.0003,d199: 0.0003,d233: 0.0003,d116: 0.0003,d161: 0.0003,d262: 0.0003,d191: 0.0003,d303: 0.0003,d275: 0.0003,d047: 0.0003,d136: 0.0003,d322: 0.0003,d114: 0.0003,d268: 0.0003,d280: 0.0003,d254: 0.0003,d218: 0.0003,d143: 0.0003,d220: 0.0003,d152: 0.0003,d098: 0.0003,d007: 0.0003,d086: 0.0003,d017: 0.0003,d163: 0.0002,d313: 0.0002,d311: 0.0002,d184: 0.0002,d067: 0.0002,d065: 0.0002,d227: 0.0002,d279: 0.0002,d049: 0.0002,d071: 0.0002,d140: 0.0002,d267: 0.0002,d298: 0.0002,d318: 0.0002,d175: 0.0002,d285: 0.0002,d323: 0.0002,d020: 0.0002,d302: 0.0002,d242: 0.0002,d137: 0.0002,d229: 0.0002,d100: 0.0002,d231: 0.0002,d066: 0.0002,d094: 0.0002,d021: 0.0002,d289: 0.0002,d068: 0.0002,d276: 0.0002,d328: 0.0001,d033: 0.0001,d145: 0.0001,d029: 0.0001,d230: 0.0001,d295: 0.0001,d002: 0.0001,d239: 0.0001,d172: 0.0001,d300: 0.0001,d072: 0.0001,d273: 0.0001,d171: 0.0001,d293: 0.0001,d023: 0.0001,d272: 0.0001,d176: 0.0001,d003: 0.0001,d061: 0.0001,d297: 0.0001,d181: 0.0001,d112: 0.0001,d321: 0.0001,d247: 0.0001,d166: 0.0001,d169: 0.0001,d132: 0.0001,d243: 0.0001,d012: 0.0001,d032: 0.0001,d252: 0.0001,d105: 0.0001,d183: 0.0001,d162: 0.0001,d214: 0.0001,d084: 0.0001,d234: 0.0001,d157: 0.0001,d139: 0.0001,d258: 0.0001,d177: 0.0000
q09	d199: 0.2428,d198: 0.1120,d217: 0.0753,d177: 0.0700,d223: 0.0667,d220: 0.0389,d085: 0.0371,d052: 0.0323,d069: 0.0318,d205: 0.0304,d330: 0.0298,d299: 0.0298,d169: 0.0221,d175: 0.0217,d065: 0.0210,d016: 0.0205,d312: 0.0185,d068: 0.0182,d211: 0.0182,d086: 0.0181,d323: 0.0177,d172: 0.0174,d273: 0.0170,d186: 0.0154,d233: 0.0142,d116: 0.0142,d089: 0.0137,d073: 0.0133,d219: 0.0123,d162: 0.0122,d041: 0.0122,d021: 0.0113,d256: 0.0106,d071: 0.0100,d202: 0.0095,d284: 0.0090,d286: 0.0085,d087: 0.0084,d221: 0.0081,d231: 0.0079,d179: 0.0076,d008: 0.0071,d038: 0.0070,d029: 0.0065,d294: 0.0062,d192: 0.0059,d081: 0.0059,d072: 0.0057,d078: 0.0055,d272: 0.0055,d111: 0.0054,d122: 0.0051,d259: 0.0047,d308: 0.0047,d170: 0.0047,d240: 0.0045,d166: 0.0045,d268: 0.0044,d254: 0.0044,d097: 0.0042,d115: 0.0041,d010: 0.0041,d100: 0.0040,d055: 0.0040,d257: 0.0039,d214: 0.0037,d234: 0.0036,d194: 0.0036,d193: 0.0036,d328: 0.0035,d244: 0.0035,d098: 0.0031,d251: 0.0030,d158: 0.0029
q10	d060: 0.0400,d036: 0.0368,d231: 0.0342,d100: 0.0314,d052: 0.0212,d034: 0.0176,d072: 0.0141,d030: 0.0128,d031: 0.0126,d091: 0.0116,d281: 0.0104,d215: 0.0098,d092: 0.0098,d221: 0.0097,d314: 0.0095,d079: 0.0090,d233: 0.0086,d099: 0.0084,d305: 0.0083,d285: 0.0083,d235: 0.0078,d170: 0.0077,d294: 0.0075,d085: 0.0075,d142: 0.0074,d068: 0.0073,d288: 0.0071,d295: 0.0063,d069: 0.0063,d035: 0.0059,d042: 0.0057,d124: 0.0057,d113: 0.0057,d040: 0.0054,d064: 0.0054,d059: 0.0054,d076: 0.0054,d114: 0.0054,d220: 0.0052,d122: 0.0052,d279: 0.0051,d217: 0.0050,d258: 0.0047,d212: 0.0047,d109: 0.0044,d282: 0.0044,d313: 0.0044,d198: 0.0043,d330: 0.0043,d117: 0.0041,d201: 0.0040,d202: 0.0039,d308: 0.0038,d246: 0.0038,d093: 0.0038,d327: 0.0037,d024: 0.0037,d194: 0.0036,d118: 0.0036,d020: 0.0036,d254: 0.0036,d044: 0.0035,d012: 0.0035,d244: 0.0035,d263: 0.0034,d323: 0.0033,d041: 0.0033,d010: 0.0033,d026: 0.0032,d077: 0.0031,d179: 0.0031,d048: 0.0030,d283: 0.0030,d165: 0.0029,d256: 0.0029,d125: 0.0028,d058: 0.0026,d151: 0.0025,d268: 0.0025,d029: 0.0024,d137: 0.0024,d054: 0.0024,d329: 0.0023,d152: 0.0023,d167: 0.0023,d192: 0.0022,d260: 0.0022,d172: 0.0022,d021: 0.0021,d057: 0.0021,d001: 0.0020,d159: 0.0020,d065: 0.0020,d325: 0.0019,d130: 0.0019,d071: 0.0019,d154: 0.0019,d018: 0.0018,d223: 0.0018,d322: 0.0017,d132: 0.0017,d205: 0.0016,d177: 0.0015,d216: 0.0015,d271: 0.0015,d095: 0.0014,d066: 0.0014,d015: 0.0014,d009: 0.0014,d214: 0.0014,d289: 0.0014,d168: 0.0013,d310: 0.0013,d328: 0.0013,d022: 0.0013,d264: 0.0013,d316: 0.0013,d232: 0.0013,d280: 0.0012,d203: 0.0012,d230: 0.0012,d141: 0.0012,d301: 0.0012,d237: 0.0012,d110: 0.0012,d219: 0.0012,d312: 0.0012,d291: 0.0011,d086: 0.0011,d319: 0.0011,d248: 0.0011,d299: 0.0011,d081: 0.0011,d204: 0.0011,d074: 0.0011,d209: 0.0011,d273: 0.0011,d171: 0.0010,d023: 0.0010,d174: 0.0010,d146: 0.0010,d061: 0.0010,d131: 0.0010,d190: 0.0009,d255: 0.0009,d331: 0.0009,d045: 0.0009,d101: 0.0009,d063: 0.0009,d056: 0.0009,d135: 0.0009,d259: 0.0009,d320: 0.0009,d126: 0.0009,d046: 0.0009,d247: 0.0009,d303: 0.0009,d148: 0.0009,d144: 0.0009,d211: 0.0009,d240: 0.0009,d073: 0.0008,d014: 0.0008,d185: 0.0008,d307: 0.0008,d218: 0.0008,d129: 0.0008,d097: 0.0008,d027: 0.0008,d115: 0.0008,d016: 0.0008,d107: 0.0008,d138: 0.0008,d229: 0.0008,d055: 0.0008,d257: 0.0007,d173: 0.0007,d250: 0.0007,d025: 0.0007,d133: 0.0007,d234: 0.0007,d193: 0.0007,d199: 0.0007,d241: 0.0007,d249: 0.0007,d080: 0.0007,d039: 0.0007,d262: 0.0006,d324: 0.0006,d136: 0.0006,d175: 0.0006,d017: 0.0006,d251: 0.0006,d293: 0.0005,d003: 0.0005
q12	d277: 0.2852,d258: 0.2834,d239: 0.0944,d250: 0.0852,d056: 0.0472,d132: 0.0402,d081: 0.0370,d301: 0.0335,d138: 0.0312,d078: 0.0309,d176: 0.0292,d096: 0.0288,d156: 0.0244,d012: 0.0234,d034: 0.0204,d015: 0.0202,d229: 0.0196,d191: 0.0193,d011: 0.0177,d270: 0.0171,d280: 0.0138,d331: 0.0137,d182: 0.0133,d225: 0.0133,d295: 0.0133,d302: 0.0122,d184: 0.0116,d183: 0.0114,d060: 0.0108,d297: 0.0107,d236: 0.0107,d095: 0.0107,d190: 0.0106,d076: 0.0095,d151: 0.0094,d169: 0.0093,d150: 0.0090,d235: 0.0090,d102: 0.0089,d035: 0.0082,d155: 0.0080,d124: 0.0080,d082: 0.0079,d021: 0.0079,d067: 0.0075,d051: 0.0072,d122: 0.0071,d317: 0.0068,d143: 0.0067,d180: 0.0064,d247: 0.0064,d243: 0.0062,d129: 0.0059,d197: 0.0059,d010: 0.0056,d109: 0.0052,d052: 0.0050,d316: 0.0047,d141: 0.0044,d003: 0.0036,d048: 0.0036,d303: 0.0032
q13	d049: 0.0760,d272: 0.0734,d277: 0.0654,d239: 0.0550,d056: 0.0542,d276: 0.0340,d222: 0.0336,d241: 0.0312,d043: 0.0291,d258: 0.0269,d286: 0.0257,d309: 0.0232,d205: 0.0210,d221: 0.0210,d317: 0.0210,d055: 0.0209,d099: 0.0208,d040: 0.0206,d070: 0.0205,d042: 0.0190,d194: 0.0178,d288: 0.0176,d281: 0.0167,d047: 0.0164,d311: 0.0163,d026: 0.0158,d087: 0.0157,d285: 0.0154,d060: 0.0152,d271: 0.0151,d126: 0.0145,d019: 0.0139,d289: 0.0137,d183: 0.0133,d310: 0.0131,d245: 0.0123,d297: 0.0118,d157: 0.0115,d303: 0.0114,d292: 0.0113,d015: 0.0111,d130: 0.0109,d262: 0.0107,d165: 0.0106,d161: 0.0101,d269: 0.0095,d290: 0.0091,d248: 0.0090,d170: 0.0088,d138: 0.0088,d162: 0.0088,d249: 0.0087,d142: 0.0085,d237: 0.0084,d305: 0.0084,d100: 0.0081,d235: 0.0080,d050: 0.0077,d136: 0.0077,d139: 0.0073,d002: 0.0072,d059: 0.0072,d313: 0.0071,d150: 0.0071,d061: 0.0071,d018: 0.0070,d129: 0.0070,d200: 0.0069,d329: 0.0068,d312: 0.0067,d189: 0.0066,d190: 0.0065,d022: 0.0065,d028: 0.0063,d046: 0.0063,d179: 0.0062,d013: 0.0062,d124: 0.0062,d119: 0.0062,d088: 0.0062,d037: 0.0060,d171: 0.0060,d164: 0.0059,d174: 0.0059,d159: 0.0058,d075: 0.0058,d274: 0.0058,d270: 0.0058,d051: 0.0056,d191: 0.0056,d122: 0.0056,d263: 0.0056,d074: 0.0055,d156: 0.0054,d243: 0.0054,d072: 0.0054,d113: 0.0053,d135: 0.0052,d007: 0.0052,d148: 0.0050,d287: 0.0048,d323: 0.0048,d141: 0.0048,d079: 0.0045,d259: 0.0044,d253: 0.0044,d246: 0.0044,d318: 0.0044,d212: 0.0043,d304: 0.0043,d240: 0.0042,d257: 0.0042,d244: 0.0042,d182: 0.0041,d094: 0.0041,d012: 0.0041,d103: 0.0040,d228: 0.0039,d058: 0.0039,d180: 0.0039,d096: 0.0039,d016: 0.0038,d215: 0.0038,d123: 0.0037,d064: 0.0037,d033: 0.0037,d147: 0.0037,d324: 0.0037,d029: 0.0036,d280: 0.0036,d250: 0.0035,d107: 0.0034,d319: 0.0034,d193: 0.0034,d118: 0.0033,d256: 0.0033,d204: 0.0033,d172: 0.0032,d153: 0.0032,d173: 0.0032,d128: 0.0032,d098: 0.0029,d117: 0.0028,d255: 0.0028,d063: 0.0027,d143: 0.0027,d225: 0.0027,d298: 0.0026,d327: 0.0026,d211: 0.0025,d017: 0.0025,d322: 0.0025,d158: 0.0024,d185: 0.0024,d218: 0.0024,d224: 0.0024,d105: 0.0023,d077: 0.0023,d210: 0.0023,d186: 0.0022,d236: 0.0021,d234: 0.0020,d052: 0.0020,d227: 0.0019,d316: 0.0019,d232: 0.0019,d145: 0.0019,d230: 0.0018,d102: 0.0018,d219: 0.0017,d106: 0.0017,d291: 0.0017,d163: 0.0016,d300: 0.0016,d198: 0.0016,d273: 0.0016,d266: 0.0016,d023: 0.0015,d001: 0.0015,d067: 0.0015,d196: 0.0015,d279: 0.0014,d226: 0.0014,d045: 0.0014,d238: 0.0014,d101: 0.0014,d083: 0.0014,d202: 0.0013,d233: 0.0013,d144: 0.0013,d306: 0.0013,d166: 0.0013,d160: 0.0013,d284: 0.0013,d004: 0.0012,d020: 0.0012,d302: 0.0012,d278: 0.0012,d014: 0.0012,d307: 0.0012,d330: 0.0012,d197: 0.0012,d121: 0.0012,d188: 0.0012,d134: 0.0012,d152: 0.0012,d027: 0.0012,d085: 0.0012,d216: 0.0011,d229: 0.0011,d149: 0.0011,d314: 0.0011,d021: 0.0011,d214: 0.0010,d024: 0.0010,d328: 0.0010,d080: 0.0010,d203: 0.0009,d294: 0.0009,d184: 0.0008,d293: 0.0008,d003: 0.0007
q14	d145: 0.1681,d121: 0.0748,d091: 0.0719,d081: 0.0714,d041: 0.0705,d122: 0.0682,d002: 0.0670,d180: 0.0595,d030: 0.0590,d093: 0.0565,d117: 0.0562,d133: 0.0484,d144: 0.0442,d209: 0.0434,d082: 0.0430,d022: 0.0405,d125: 0.0392,d136: 0.0377,d242: 0.0377,d280: 0.0370,d052: 0.0337,d005: 0.0328,d247: 0.0324,d277: 0.0322,d085: 0.0318,d075: 0.0314,d062: 0.0309,d130: 0.0294,d094: 0.0286,d069: 0.0273,d142: 0.0263,d330: 0.0256,d299: 0.0256,d314: 0.0229,d104: 0.0208,d089: 0.0193,d031: 0.0192,d169: 0.0190,d175: 0.0186,d065: 0.0180,d016: 0.0175,d115: 0.0172,d181: 0.0166,d312: 0.0158,d068: 0.0156,d211: 0.0156,d086: 0.0156,d323: 0.0152,d229: 0.0150,d172: 0.0149,d192: 0.0148,d273: 0.0146,d288: 0.0145,d308: 0.0139,d025: 0.0139,d186: 0.0132,d233: 0.0122,d116: 0.0122,d174: 0.0114,d073: 0.0114,d254: 0.0110,d097: 0.0107,d219: 0.0106,d162: 0.0105,d238: 0.0103,d110: 0.0103,d021: 0.0097,d023: 0.0091,d256: 0.0091,d071: 0.0086,d202: 0.0081,d223: 0.0080,d284: 0.0077,d286: 0.0073,d087: 0.0072,d221: 0.0070,d231: 0.0068,d143: 0.0067,d147: 0.0066,d179: 0.0065,d008: 0.0061,d038: 0.0060,d293: 0.0058,d029: 0.0055,d294: 0.0053,d198: 0.0049,d072: 0.0049,d078: 0.0047,d272: 0.0047,d111: 0.0046,d259: 0.0041,d170: 0.0040,d240: 0.0039,d166: 0.0038,d268: 0.0038,d205: 0.0036,d010: 0.0035,d100: 0.0034,d055: 0.0034,d257: 0.0033,d214: 0.0032,d234: 0.0031,d194: 0.0031,d193: 0.0031,d328: 0.0030,d244: 0.0030,d098: 0.0027,d251: 0.0025,d158: 0.0025
q16	d184: 0.1354,d132: 0.1216,d250: 0.0910,d176: 0.0797,d277: 0.0698,d239: 0.0539,d081: 0.0537,d095: 0.0468,d229: 0.0368,d156: 0.0355,d078: 0.0337,d279: 0.0310,d034: 0.0296,d056: 0.0295,d191: 0.0281,d150: 0.0262,d096: 0.0252,d236: 0.0234,d024: 0.0224,d280: 0.0200,d295: 0.0193,d329: 0.0190,d086: 0.0185,d158: 0.0178,d060: 0.0156,d297: 0.0156,d190: 0.0153,d071: 0.0152,d083: 0.0148,d306: 0.0140,d076: 0.0138,d169: 0.0135,d254: 0.0133,d235: 0.0131,d097: 0.0129,d152: 0.0127,d077: 0.0126,d138: 0.0124,d231: 0.0121,d147: 0.0121,d182: 0.0117,d021: 0.0115,d133: 0.0110,d165: 0.0110,d049: 0.0103,d143: 0.0098,d293: 0.0084
q17	d172: 0.1313,d121: 0.1219,d271: 0.1069,d146: 0.0914,d091: 0.0523,d171: 0.0413,d024: 0.0409,d183: 0.0308,d274: 0.0185,d190: 0.0175,d066: 0.0144,d289: 0.0138,d316: 0.0122,d106: 0.0115,d299: 0.0112,d239: 0.0111,d163: 0.0110,d030: 0.0098,d130: 0.0094,d003: 0.0091,d297: 0.0089,d233: 0.0083,d212: 0.0081,d191: 0.0080,d148: 0.0080,d132: 0.0077,d137: 0.0074,d188: 0.0074,d250: 0.0070,d262: 0.0065,d084: 0.0063,d258: 0.0050
q18	d192: 0.5054,d194: 0.3539,d201: 0.2762,d230: 0.2303,d210: 0.1983,d111: 0.1766,d207: 0.1566,d222: 0.1465,d219: 0.1418,d209: 0.1228,d199: 0.1225,d213: 0.1086,d223: 0.1073,d208: 0.1040,d198: 0.0988,d202: 0.0959,d216: 0.0938,d211: 0.0732,d163: 0.0722,d276: 0.0708,d220: 0.0616,d203: 0.0610,d055: 0.0594,d195: 0.0584,d224: 0.0545,d197: 0.0499,d215: 0.0492,d221: 0.0476,d322: 0.0408,d212: 0.0362,d193: 0.0356,d061: 0.0356,d227: 0.0341,d303: 0.0321,d191: 0.0317,d053: 0.0294,d301: 0.0292,d200: 0.0292,d218: 0.0283,d196: 0.0279,d266: 0.0267,d236: 0.0229,d205: 0.0225,d142: 0.0221,d225: 0.0203,d279: 0.0189,d028: 0.0185,d129: 0.0182,d206: 0.0174,d214: 0.0170,d296: 0.0166,d304: 0.0166,d122: 0.0153,d124: 0.0142,d204: 0.0135,d217: 0.0130,d109: 0.0128,d078: 0.0127,d251: 0.0125,d182: 0.0095,d058: 0.0086,d315: 0.0081,d110: 0.0076,d319: 0.0075,d248: 0.0074,d172: 0.0072,d174: 0.0067,d260: 0.0067,d002: 0.0063,d071: 0.0062,d072: 0.0061,d253: 0.0058,d246: 0.0058,d089: 0.0056,d160: 0.0056,d275: 0.0055,d020: 0.0054,d302: 0.0054,d268: 0.0054,d235: 0.0053,d330: 0.0053,d137: 0.0053,d027: 0.0051,d240: 0.0048,d282: 0.0046,d242: 0.0046,d286: 0.0045,d164: 0.0045,d052: 0.0044,d241: 0.0044,d249: 0.0044,d123: 0.0043,d280: 0.0041,d177: 0.0040,d098: 0.0038,d116: 0.0038,d316: 0.0036,d271: 0.0032,d048: 0.0032
q19	d179: 0.1944,d323: 0.0535,d004: 0.0393,d102: 0.0378,d273: 0.0367,d310: 0.0259,d021: 0.0252,d001: 0.0251,d069: 0.0246,d330: 0.0237,d056: 0.0224,d320: 0.0217,d136: 0.0216,d028: 0.0215,d078: 0.0205,d200: 0.0189,d015: 0.0174,d194: 0.0161,d088: 0.0158,d204: 0.0131,d153: 0.0129,d222: 0.0119,d051: 0.0116,d138: 0.0113,d055: 0.0111,d035: 0.0108,d321: 0.0107,d266: 0.0103,d277: 0.0102,d185: 0.0097,d095: 0.0071,d289: 0.0068,d241: 0.0066,d158: 0.0065,d189: 0.0065,d258: 0.0064,d293: 0.0061,d230: 0.0060,d091: 0.0059,d098: 0.0057,d106: 0.0057,d291: 0.0056,d299: 0.0055,d300: 0.0054,d272: 0.0051,d111: 0.0050,d309: 0.0050,d274: 0.0049,d212: 0.0043,d180: 0.0043,d191: 0.0043,d254: 0.0040,d129: 0.0040,d197: 0.0039,d092: 0.0037,d231: 0.0037,d147: 0.0037,d257: 0.0036,d109: 0.0034,d193: 0.0033,d175: 0.0029,d294: 0.0028,d190: 0.0023
q22	d258: 0.0877,d277: 0.0658,d266: 0.0654,d239: 0.0648,d011: 0.0568,d049: 0.0532,d056: 0.0505,d297: 0.0446,d327: 0.0407,d184: 0.0335,d286: 0.0314,d010: 0.0297,d159: 0.0262,d331: 0.0257,d149: 0.0254,d138: 0.0248,d145: 0.0212,d330: 0.0189,d319: 0.0175,d072: 0.0170,d100: 0.0157,d270: 0.0142,d004: 0.0139,d135: 0.0139,d240: 0.0134,d020: 0.0128,d121: 0.0125,d064: 0.0115,d164: 0.0114,d132: 0.0114,d225: 0.0111,d096: 0.0106,d157: 0.0103,d302: 0.0101,d250: 0.0096,d183: 0.0095,d146: 0.0093,d229: 0.0093,d152: 0.0093,d007: 0.0091,d102: 0.0090,d086: 0.0089,d236: 0.0089,d095: 0.0089,d299: 0.0088,d153: 0.0085,d035: 0.0083,d069: 0.0078,d151: 0.0078,d190: 0.0074,d140: 0.0073,d182: 0.0073,d233: 0.0070,d092: 0.0069,d127: 0.0068,d147: 0.0068,d155: 0.0066,d124: 0.0066,d082: 0.0066,d078: 0.0064,d067: 0.0062,d116: 0.0061,d305: 0.0061,d176: 0.0060,d051: 0.0060,d197: 0.0060,d122: 0.0059,d055: 0.0059,d317: 0.0056,d180: 0.0053,d247: 0.0053,d109: 0.0052,d328: 0.0051,d243: 0.0051,d129: 0.0049,d280: 0.0048,d320: 0.0047,d098: 0.0046,d052: 0.0042,d316: 0.0039,d141: 0.0037,d048: 0.0036,d303: 0.0032,d137: 0.0032,d188: 0.0032,d252: 0.0031,d003: 0.0030,d074: 0.0029,d172: 0.0029,d325: 0.0025,d101: 0.0024,d321: 0.0024,d298: 0.0024,d223: 0.0023,d242: 0.0022,d150: 0.0022,d134: 0.0021,d200: 0.0021,d107: 0.0021,d221: 0.0020,d213: 0.0020,d179: 0.0019,d025: 0.0019,d133: 0.0018,d241: 0.0018,d249: 0.0018,d042: 0.0018,d228: 0.0017,d022: 0.0017,d136: 0.0017,d054: 0.0016,d329: 0.0016,d217: 0.0015,d291: 0.0015,d248: 0.0015,d081: 0.0015,d209: 0.0015,d163: 0.0015,d156: 0.0015,d300: 0.0015,d287: 0.0014,d113: 0.0014,d019: 0.0014,d171: 0.0014,d023: 0.0014,d272: 0.0014,d260: 0.0013,d222: 0.0013,d065: 0.0013,d062: 0.0013,d281: 0.0013,d071: 0.0013,d181: 0.0012,d206: 0.0012,d238: 0.0012,d178: 0.0012,d207: 0.0012,d267: 0.0012,d246: 0.0012,d212: 0.0012,d046: 0.0012,d144: 0.0011,d306: 0.0011,d089: 0.0011,d076: 0.0011,d160: 0.0011,d275: 0.0011,d322: 0.0011,d169: 0.0011,d323: 0.0011,d073: 0.0011,d268: 0.0011,d185: 0.0011,d218: 0.0011,d032: 0.0010,d105: 0.0010,d077: 0.0010,d085: 0.0010,d115: 0.0010,d162: 0.0010,d210: 0.0010,d216: 0.0010,d283: 0.0010,d231: 0.0010,d257: 0.0010,d094: 0.0010,d177: 0.0009,d015: 0.0009,d093: 0.0009,d214: 0.0009,d024: 0.0009,d084: 0.0009,d234: 0.0009,d193: 0.0009,d199: 0.0009,d304: 0.0009,d125: 0.0009,d227: 0.0009,d139: 0.0009,d143: 0.0008,d294: 0.0008,d167: 0.0008,d251: 0.0007,d293: 0.0007
q23	d219: 0.6158,d276: 0.0793,d323: 0.0207,d026: 0.0182,d067: 0.0149,d199: 0.0141,d179: 0.0111,d084: 0.0095,d315: 0.0085,d013: 0.0075,d078: 0.0072,d104: 0.0072,d150: 0.0070,d105: 0.0068,d004: 0.0064,d207: 0.0064,d188: 0.0062,d253: 0.0062,d108: 0.0061,d296: 0.0058,d314: 0.0057,d005: 0.0057,d227: 0.0056,d137: 0.0055,d021: 0.0055,d017: 0.0054,d195: 0.0053,d141: 0.0052,d109: 0.0048,d118: 0.0047,d168: 0.0047,d157: 0.0046,d049: 0.0044,d324: 0.0044,d003: 0.0038,d271: 0.0034,d007: 0.0029,d287: 0.0027,d245: 0.0026,d221: 0.0026,d318: 0.0025,d103: 0.0023,d228: 0.0022,d058: 0.0022,d180: 0.0022,d215: 0.0021,d064: 0.0021,d029: 0.0020,d107: 0.0019,d290: 0.0019,d319: 0.0019,d248: 0.0019,d204: 0.0019,d172: 0.0018,d153: 0.0018,d173: 0.0018,d019: 0.0018,d128: 0.0018,d222: 0.0017,d117: 0.0016,d255: 0.0016,d063: 0.0015,d143: 0.0015,d225: 0.0015,d298: 0.0015,d018: 0.0015,d327: 0.0015,d211: 0.0014,d322: 0.0014,d158: 0.0014,d185: 0.0014,d218: 0.0014,d129: 0.0013,d224: 0.0013,d200: 0.0013,d077: 0.0013,d119: 0.0013,d210: 0.0013,d055: 0.0013,d186: 0.0012,d236: 0.0012,d043: 0.0011,d164: 0.0011,d234: 0.0011,d052: 0.0011,d316: 0.0011,d263: 0.0011,d047: 0.0011,d040: 0.0011,d232: 0.0010,d145: 0.0010,d230: 0.0010,d102: 0.0010,d050: 0.0010,d070: 0.0010,d142: 0.0010,d237: 0.0010,d106: 0.0010,d291: 0.0010,d002: 0.0009,d163: 0.0009,d313: 0.0009,d300: 0.0009,d198: 0.0009,d273: 0.0009,d266: 0.0009,d023: 0.0009,d001: 0.0009,d309: 0.0008,d196: 0.0008,d061: 0.0008,d281: 0.0008,d297: 0.0008,d279: 0.0008,d190: 0.0008,d037: 0.0008,d226: 0.0008,d045: 0.0008,d238: 0.0008,d101: 0.0008,d083: 0.0008,d317: 0.0008,d202: 0.0007,d233: 0.0007,d161: 0.0007,d046: 0.0007,d191: 0.0007,d144: 0.0007,d306: 0.0007,d277: 0.0007,d285: 0.0007,d166: 0.0007,d160: 0.0007,d284: 0.0007,d243: 0.0007,d020: 0.0007,d302: 0.0007,d278: 0.0007,d014: 0.0007,d307: 0.0007,d330: 0.0007,d286: 0.0007,d197: 0.0007,d121: 0.0007,d205: 0.0007,d134: 0.0007,d152: 0.0007,d027: 0.0007,d085: 0.0007,d162: 0.0006,d216: 0.0006,d229: 0.0006,d149: 0.0006,d214: 0.0006,d079: 0.0006,d024: 0.0006,d194: 0.0006,d249: 0.0006,d304: 0.0006,d042: 0.0006,d328: 0.0005,d244: 0.0005,d080: 0.0005,d139: 0.0005,d136: 0.0005,d203: 0.0005,d294: 0.0005,d184: 0.0004,d293: 0.0004,d303: 0.0004
q24	d199: 0.2411,d219: 0.2271,d213: 0.2217,d202: 0.1958,d198: 0.1872,d210: 0.1414,d211: 0.1379,d208: 0.1341,d222: 0.1271,d209: 0.1266,d276: 0.1261,d224: 0.1112,d201: 0.1101,d220: 0.1097,d223: 0.1011,d192: 0.0892,d194: 0.0858,d207: 0.0848,d216: 0.0790,d195: 0.0786,d215: 0.0778,d243: 0.0720,d074: 0.0633,d129: 0.0603,d303: 0.0597,d221: 0.0574,d196: 0.0571,d061: 0.0561,d099: 0.0557,d060: 0.0556,d151: 0.0551,d193: 0.0546,d212: 0.0503,d203: 0.0492,d218: 0.0469,d088: 0.0462,d197: 0.0461,d205: 0.0460,d282: 0.0451,d274: 0.0433,d225: 0.0415,d255: 0.0400,d034: 0.0395,d042: 0.0382,d028: 0.0379,d080: 0.0376,d098: 0.0336,d281: 0.0280,d031: 0.0279,d200: 0.0275,d217: 0.0265,d083: 0.0263,d112: 0.0263,d135: 0.0258,d253: 0.0256,d096: 0.0224,d240: 0.0221,d289: 0.0199,d262: 0.0187,d123: 0.0187,d040: 0.0181,d237: 0.0168,d214: 0.0160,d311: 0.0157,d067: 0.0146,d142: 0.0135,d181: 0.0135,d002: 0.0129,d204: 0.0127,d072: 0.0125,d266: 0.0121,d078: 0.0120,d044: 0.0118,d265: 0.0118,d229: 0.0109,d206: 0.0106,d234: 0.0098,d165: 0.0097,d242: 0.0094,d039: 0.0094,d286: 0.0092,d263: 0.0092,d294: 0.0084,d177: 0.0082,d116: 0.0077,d316: 0.0073
q25	d166: 0.2820,d020: 0.1753,d328: 0.1588,d156: 0.1329,d128: 0.1289,d023: 0.1255,d265: 0.0991,d167: 0.0525,d245: 0.0470,d247: 0.0262,d211: 0.0259,d032: 0.0239
q26	d152: 0.5440,d291: 0.0815,d143: 0.0738,d171: 0.0689,d095: 0.0600,d228: 0.0599,d131: 0.0531,d066: 0.0476,d147: 0.0447,d293: 0.0403,d241: 0.0392,d190: 0.0364,d116: 0.0361,d052: 0.0351,d206: 0.0341,d300: 0.0335,d318: 0.0306,d316: 0.0270,d136: 0.0254,d231: 0.0249,d322: 0.0234,d002: 0.0220,d094: 0.0219,d109: 0.0217,d092: 0.0202,d105: 0.0202,d208: 0.0190,d183: 0.0176,d235: 0.0176,d007: 0.0156,d292: 0.0141,d323: 0.0139,d279: 0.0138,d174: 0.0138,d179: 0.0132,d138: 0.0127,d161: 0.0118,d149: 0.0109,d197: 0.0108,d306: 0.0106,d283: 0.0101,d012: 0.0101,d224: 0.0099,d219: 0.0096,d312: 0.0096,d210: 0.0094,d164: 0.0091,d287: 0.0090,d173: 0.0088,d098: 0.0084,d017: 0.0076,d029: 0.0075,d102: 0.0074,d212: 0.0073,d217: 0.0071,d290: 0.0070,d275: 0.0070,d113: 0.0066,d027: 0.0065,d062: 0.0061,d015: 0.0059,d117: 0.0058,d079: 0.0058,d140: 0.0057,d331: 0.0057,d178: 0.0057,d133: 0.0057,d199: 0.0056,d168: 0.0056,d033: 0.0054,d277: 0.0053,d036: 0.0052,d215: 0.0052,d284: 0.0052,d014: 0.0050,d005: 0.0050,d265: 0.0050,d141: 0.0050,d129: 0.0049,d175: 0.0049,d305: 0.0048,d107: 0.0047,d182: 0.0044,d003: 0.0041,d263: 0.0039
q27	d103: 0.0513,d054: 0.0398,d166: 0.0386,d136: 0.0363,d051: 0.0328,d066: 0.0312,d067: 0.0289,d132: 0.0279,d058: 0.0254,d291: 0.0249,d227: 0.0236,d074: 0.0234,d159: 0.0234,d316: 0.0229,d293: 0.0227,d187: 0.0225,d116: 0.0212,d211: 0.0208,d029: 0.0199,d083: 0.0194,d064: 0.0184,d109: 0.0178,d033: 0.0176,d158: 0.0173,d017: 0.0166,d152: 0.0166,d056: 0.0164,d209: 0.0161,d161: 0.0144,d085: 0.0142,d107: 0.0141,d251: 0.0136,d139: 0.0135,d174: 0.0130,d094: 0.0129,d292: 0.0128,d023: 0.0126,d164: 0.0122,d222: 0.0122,d030: 0.0119,d231: 0.0118,d130: 0.0115,d145: 0.0112,d238: 0.0112,d108: 0.0106,d215: 0.0103,d243: 0.0101,d002: 0.0101,d005: 0.0100,d027: 0.0099,d143: 0.0098,d150: 0.0098,d210: 0.0093,d075: 0.0091,d014: 0.0090,d015: 0.0090,d102: 0.0088,d079: 0.0088,d119: 0.0085,d042: 0.0084,d290: 0.0084,d199: 0.0082,d304: 0.0081,d296: 0.0076,d274: 0.0073,d141: 0.0073,d281: 0.0071,d167: 0.0070,d325: 0.0070,d162: 0.0069,d255: 0.0068,d101: 0.0067,d269: 0.0065,d170: 0.0065,d080: 0.0059,d055: 0.0055,d276: 0.0050,d271: 0.0044,d237: 0.0043,d299: 0.0041,d156: 0.0040,d311: 0.0040,d300: 0.0040,d198: 0.0040,d088: 0.0039,d279: 0.0035,d259: 0.0033,d018: 0.0032,d306: 0.0032,d322: 0.0031,d020: 0.0030,d282: 0.0030,d012: 0.0030,d129: 0.0029,d330: 0.0029,d197: 0.0029,d077: 0.0028,d016: 0.0028,d195: 0.0028,d283: 0.0028,d026: 0.0027,d173: 0.0026,d179: 0.0026,d194: 0.0025,d318: 0.0022,d184: 0.0019
q28	d136: 0.0918,d316: 0.0651,d291: 0.0525,d066: 0.0483,d159: 0.0438,d279: 0.0373,d056: 0.0361,d174: 0.0338,d035: 0.0334,d322: 0.0294,d070: 0.0291,d173: 0.0263,d212: 0.0259,d102: 0.0255,d094: 0.0252,d029: 0.0246,d164: 0.0240,d147: 0.0229,d226: 0.0226,d161: 0.0222,d015: 0.0210,d145: 0.0209,d264: 0.0209,d292: 0.0204,d321: 0.0197,d152: 0.0197,d237: 0.0189,d002: 0.0188,d067: 0.0188,d289: 0.0188,d037: 0.0187,d132: 0.0182,d027: 0.0179,d080: 0.0176,d295: 0.0173,d075: 0.0169,d079: 0.0163,d162: 0.0156,d083: 0.0153,d309: 0.0147,d191: 0.0146,d273: 0.0143,d143: 0.0142,d296: 0.0141,d107: 0.0141,d086: 0.0139,d008: 0.0127,d275: 0.0127,d085: 0.0126,d327: 0.0126,d263: 0.0125,d042: 0.0123,d139: 0.0118,d099: 0.0118,d160: 0.0118,d183: 0.0117,d254: 0.0114,d141: 0.0111,d193: 0.0110,d252: 0.0110,d033: 0.0108,d153: 0.0104,d186: 0.0101,d271: 0.0100,d165: 0.0098,d283: 0.0098,d109: 0.0095,d329: 0.0092,d018: 0.0092,d055: 0.0092,d072: 0.0091,d294: 0.0091,d312: 0.0091,d270: 0.0091,d310: 0.0088,d194: 0.0087,d241: 0.0086,d168: 0.0086,d328: 0.0084,d276: 0.0083,d046: 0.0083,d057: 0.0082,d129: 0.0082,d110: 0.0080,d058: 0.0080,d054: 0.0079,d047: 0.0077,d064: 0.0077,d267: 0.0077,d031: 0.0076,d248: 0.0076,d233: 0.0075,d259: 0.0075,d299: 0.0075,d246: 0.0074,d211: 0.0072,d106: 0.0070,d243: 0.0070,d269: 0.0070,d098: 0.0069,d084: 0.0069,d185: 0.0069,d012: 0.0069,d198: 0.0066,d013: 0.0066,d019: 0.0066,d060: 0.0065,d297: 0.0064,d230: 0.0063,d115: 0.0061,d260: 0.0060,d298: 0.0060,d131: 0.0059,d231: 0.0059,d180: 0.0058,d144: 0.0058,d306: 0.0058,d026: 0.0058,d240: 0.0057,d331: 0.0057,d120: 0.0057,d088: 0.0056,d048: 0.0054,d170: 0.0054,d221: 0.0053,d010: 0.0053,d111: 0.0053,d089: 0.0052,d077: 0.0052,d169: 0.0051,d278: 0.0050,d190: 0.0048,d305: 0.0048,d216: 0.0046,d195: 0.0046,d022: 0.0045,d304: 0.0045,d125: 0.0044,d114: 0.0043,d049: 0.0043,d150: 0.0042,d235: 0.0042,d303: 0.0041,d052: 0.0041,d219: 0.0040,d123: 0.0040,d239: 0.0038,d071: 0.0033,d045: 0.0032,d206: 0.0032,d063: 0.0032,d293: 0.0032,d103: 0.0031,d148: 0.0030,d307: 0.0028,d330: 0.0028,d188: 0.0028,d016: 0.0027,d314: 0.0025,d236: 0.0025,d179: 0.0025,d009: 0.0024,d250: 0.0024,d133: 0.0024,d116: 0.0023,d189: 0.0023,d324: 0.0022,d091: 0.0021,d011: 0.0021,d220: 0.0021,d318: 0.0020,d175: 0.0020,d290: 0.0020,d313: 0.0019,d287: 0.0019,d184: 0.0018,d023: 0.0018,d001: 0.0018,d222: 0.0017,d069: 0.0017,d065: 0.0017,d061: 0.0017,d281: 0.0017,d325: 0.0016,d130: 0.0016,d101: 0.0016,d202: 0.0015,d108: 0.0015,d247: 0.0015,d277: 0.0015,d014: 0.0014,d286: 0.0014,d197: 0.0014,d121: 0.0014,d097: 0.0014,d087: 0.0014,d119: 0.0013,d096: 0.0013,d210: 0.0013,d100: 0.0013,d149: 0.0013,d053: 0.0013,d021: 0.0012,d093: 0.0012,d024: 0.0012,d234: 0.0012,d249: 0.0012,d256: 0.0012,d244: 0.0011,d039: 0.0011,d262: 0.0011,d003: 0.0008
q29	d314: 0.1623,d037: 0.1451,d001: 0.1127,d113: 0.0890,d261: 0.0629,d120: 0.0466,d133: 0.0375,d159: 0.0348,d046: 0.0289,d070: 0.0274,d062: 0.0273,d173: 0.0247,d191: 0.0239,d294: 0.0227,d286: 0.0221,d226: 0.0212,d212: 0.0200,d107: 0.0133,d291: 0.0131,d086: 0.0131,d099: 0.0111,d279: 0.0110,d136: 0.0108,d160: 0.0097,d254: 0.0094,d252: 0.0090,d055: 0.0086,d147: 0.0085,d186: 0.0083,d276: 0.0078,d008: 0.0076,d058: 0.0075,d264: 0.0074,d047: 0.0072,d064: 0.0072,d102: 0.0069,d295: 0.0068,d329: 0.0067,d237: 0.0067,d312: 0.0066,d270: 0.0066,d106: 0.0066,d153: 0.0062,d198: 0.0062,d013: 0.0062,d019: 0.0062,d292: 0.0060,d057: 0.0060,d174: 0.0059,d309: 0.0058,d031: 0.0056,d131: 0.0055,d331: 0.0053,d056: 0.0052,d269: 0.0051,d170: 0.0051,d327: 0.0050,d089: 0.0049,d169: 0.0048,d278: 0.0047,d305: 0.0045,d027: 0.0045,d085: 0.0045,d115: 0.0044,d216: 0.0044,d195: 0.0043,d283: 0.0043,d231: 0.0043,d026: 0.0042,d015: 0.0041,d194: 0.0039,d193: 0.0039,d165: 0.0039,d052: 0.0039,d241: 0.0039,d168: 0.0038,d328: 0.0038,d123: 0.0037,d263: 0.0036,d293: 0.0030,d048: 0.0028,d303: 0.0025
q32	d090: 0.2716,d025: 0.2009,d067: 0.1124,d139: 0.1015,d031: 0.0513,d145: 0.0430,d092: 0.0391,d140: 0.0344,d254: 0.0293,d305: 0.0289,d282: 0.0284,d324: 0.0234,d141: 0.0221,d059: 0.0216,d011: 0.0206,d172: 0.0202,d072: 0.0200,d222: 0.0173,d226: 0.0171,d083: 0.0169,d317: 0.0169,d060: 0.0166,d279: 0.0165,d284: 0.0156,d235: 0.0149,d105: 0.0145,d006: 0.0145,d268: 0.0142,d252: 0.0135,d015: 0.0131,d053: 0.0128,d314: 0.0127,d227: 0.0119,d042: 0.0114,d262: 0.0112,d184: 0.0090,d271: 0.0085
q34	d248: 0.0608,d221: 0.0132,d224: 0.0119,d312: 0.0114,d113: 0.0093,d075: 0.0090,d040: 0.0089,d216: 0.0087,d110: 0.0086,d043: 0.0085,d198: 0.0084,d138: 0.0083,d037: 0.0081,d034: 0.0075,d232: 0.0073,d091: 0.0070,d288: 0.0070,d047: 0.0069,d270: 0.0068,d246: 0.0066,d108: 0.0065,d213: 0.0064,d106: 0.0063,d010: 0.0063,d261: 0.0063,d062: 0.0062,d130: 0.0059,d059: 0.0058,d122: 0.0057,d142: 0.0055,d207: 0.0054,d060: 0.0053,d192: 0.0052,d148: 0.0051,d237: 0.0050,d219: 0.0050,d225: 0.0049,d266: 0.0049,d278: 0.0048,d241: 0.0048,d235: 0.0047,d196: 0.0046,d117: 0.0044,d226: 0.0043,d027: 0.0043,d281: 0.0042,d260: 0.0042,d008: 0.0041,d325: 0.0041,d024: 0.0041,d180: 0.0041,d327: 0.0040,d151: 0.0040,d066: 0.0040,d215: 0.0039,d282: 0.0038,d044: 0.0038,d308: 0.0038,d170: 0.0038,d070: 0.0037,d189: 0.0036,d290: 0.0036,d227: 0.0036,d081: 0.0034,d121: 0.0034,d087: 0.0034,d155: 0.0034,d082: 0.0033,d085: 0.0033,d086: 0.0031,d015: 0.0031,d099: 0.0030,d193: 0.0029,d292: 0.0029,d045: 0.0029,d063: 0.0029,d039: 0.0028,d202: 0.0028,d126: 0.0027,d223: 0.0027,d065: 0.0027,d127: 0.0027,d271: 0.0027,d046: 0.0027,d061: 0.0027,d089: 0.0027,d279: 0.0026,d071: 0.0026,d181: 0.0026,d112: 0.0025,d197: 0.0025,d253: 0.0024,d210: 0.0024,d144: 0.0024,d211: 0.0023,d166: 0.0023,d006: 0.0023,d243: 0.0023,d020: 0.0023,d005: 0.0023,d236: 0.0023,d095: 0.0022,d307: 0.0022,d242: 0.0022,d093: 0.0022,d009: 0.0022,d250: 0.0022,d032: 0.0022,d252: 0.0022,d119: 0.0021,d133: 0.0021,d162: 0.0021,d118: 0.0021,d092: 0.0021,d283: 0.0021,d055: 0.0021,d190: 0.0020,d080: 0.0020,d022: 0.0020,d123: 0.0020,d026: 0.0020,d264: 0.0020,d201: 0.0020,d109: 0.0019,d214: 0.0019,d194: 0.0019,d050: 0.0019,d052: 0.0019,d249: 0.0018,d256: 0.0018,d301: 0.0018,d294: 0.0018,d125: 0.0018,d251: 0.0017,d136: 0.0017,d035: 0.0017,d209: 0.0017,d028: 0.0017,d287: 0.0017,d013: 0.0017,d078: 0.0016,d098: 0.0016,d001: 0.0016,d274: 0.0016,d030: 0.0015,d131: 0.0015,d255: 0.0014,d083: 0.0014,d135: 0.0014,d320: 0.0014,d240: 0.0013,d076: 0.0013,d048: 0.0013,d296: 0.0013,d073: 0.0013,d129: 0.0013,d286: 0.0012,d205: 0.0012,d200: 0.0012,d305: 0.0012,d096: 0.0012,d195: 0.0012,d182: 0.0011,d079: 0.0011,d164: 0.0011,d042: 0.0010,d038: 0.0010,d316: 0.0010,d263: 0.0010,d203: 0.0010
q36	d220: 0.2873,d162: 0.1643,d095: 0.1371,d257: 0.1291,d150: 0.1274,d023: 0.1241,d321: 0.1160,d277: 0.0901,d247: 0.0884,d265: 0.0751,d156: 0.0373,d328: 0.0363,d272: 0.0360,d020: 0.0177,d223: 0.0155,d219: 0.0154,d107: 0.0150,d222: 0.0133,d167: 0.0124,d214: 0.0123,d076: 0.0118,d268: 0.0115,d131: 0.0114,d151: 0.0113,d100: 0.0108,d323: 0.0094,d069: 0.0092,d060: 0.0088,d010: 0.0086,d102: 0.0085,d071: 0.0083,d007: 0.0082,d320: 0.0081,d054: 0.0081,d110: 0.0079,d270: 0.0079,d211: 0.0076,d198: 0.0074,d013: 0.0073,d288: 0.0072,d203: 0.0072,d292: 0.0071,d077: 0.0071,d205: 0.0071,d210: 0.0068,d051: 0.0067,d310: 0.0063,d083: 0.0062,d276: 0.0061,d059: 0.0055,d197: 0.0054,d290: 0.0054,d029: 0.0054,d229: 0.0054,d319: 0.0054,d230: 0.0054,d295: 0.0053,d313: 0.0052,d092: 0.0051,d231: 0.0051,d081: 0.0049,d094: 0.0049,d309: 0.0048,d281: 0.0046,d031: 0.0046,d256: 0.0045,d279: 0.0045,d316: 0.0045,d111: 0.0045,d274: 0.0044,d255: 0.0044,d103: 0.0043,d170: 0.0042,d294: 0.0041,d191: 0.0041,d226: 0.0041,d207: 0.0041,d267: 0.0040,d202: 0.0040,d259: 0.0040,d208: 0.0039,d298: 0.0039,d283: 0.0036,d055: 0.0036,d041: 0.0034,d079: 0.0033,d157: 0.0031,d015: 0.0031,d262: 0.0031,d033: 0.0031,d068: 0.0030,d199: 0.0030,d136: 0.0030,d125: 0.0029,d049: 0.0028,d248: 0.0027,d192: 0.0026,d035: 0.0026,d175: 0.0026,d019: 0.0025,d088: 0.0025,d266: 0.0025,d067: 0.0024,d271: 0.0023,d253: 0.0021,d046: 0.0021,d306: 0.0020,d284: 0.0020,d275: 0.0020,d322: 0.0020,d302: 0.0020,d012: 0.0019,d218: 0.0019,d235: 0.0019,d286: 0.0019,d027: 0.0019,d085: 0.0018,d119: 0.0018,d115: 0.0018,d138: 0.0018,d149: 0.0018,d186: 0.0017,d182: 0.0017,d021: 0.0017,d093: 0.0017,d250: 0.0017,d109: 0.0017,d189: 0.0016,d244: 0.0016,d143: 0.0014,d141: 0.0014,d098: 0.0014,d017: 0.0013,d251: 0.0013,d158: 0.0013,d260: 0.0012,d003: 0.0012
q37	d169: 0.1591,d116: 0.0685,d062: 0.0338,d294: 0.0233,d035: 0.0221,d209: 0.0220,d117: 0.0188,d327: 0.0174,d120: 0.0169,d231: 0.0150,d141: 0.0120
q38	d239: 0.0618,d263: 0.0549,d036: 0.0430,d138: 0.0349,d294: 0.0316,d161: 0.0297,d056: 0.0290,d277: 0.0275,d118: 0.0254,d067: 0.0252,d229: 0.0249,d051: 0.0243,d066: 0.0243,d039: 0.0233,d270: 0.0230,d317: 0.0227,d058: 0.0220,d312: 0.0218,d258: 0.0216,d011: 0.0191,d311: 0.0184,d325: 0.0179,d255: 0.0174,d109: 0.0173,d260: 0.0171,d235: 0.0168,d031: 0.0164,d296: 0.0159,d151: 0.0152,d331: 0.0148,d305: 0.0147,d236: 0.0144,d095: 0.0144,d225: 0.0143,d284: 0.0142,d169: 0.0141,d250: 0.0140,d096: 0.0139,d132: 0.0133,d302: 0.0131,d155: 0.0128,d082: 0.0128,d092: 0.0128,d183: 0.0123,d180: 0.0120,d025: 0.0118,d084: 0.0115,d122: 0.0115,d249: 0.0113,d035: 0.0110,d043: 0.0107,d198: 0.0107,d280: 0.0104,d078: 0.0103,d102: 0.0096,d197: 0.0095,d224: 0.0095,d190: 0.0089,d124: 0.0086,d129: 0.0080,d075: 0.0079,d176: 0.0078,d062: 0.0078,d130: 0.0074,d059: 0.0074,d182: 0.0072,d142: 0.0069,d247: 0.0069,d110: 0.0069,d243: 0.0066,d192: 0.0065,d316: 0.0063,d266: 0.0062,d010: 0.0061,d221: 0.0060,d196: 0.0059,d117: 0.0056,d226: 0.0055,d052: 0.0054,d008: 0.0052,d246: 0.0052,d108: 0.0052,d327: 0.0051,d215: 0.0050,d232: 0.0049,d282: 0.0049,d044: 0.0048,d141: 0.0048,d091: 0.0047,d070: 0.0047,d290: 0.0045,d081: 0.0044,d113: 0.0042,d003: 0.0039,d048: 0.0038,d099: 0.0038,d037: 0.0037,d045: 0.0036,d207: 0.0036,d063: 0.0036,d202: 0.0035,d126: 0.0035,d223: 0.0035,d303: 0.0034,d127: 0.0034,d046: 0.0034,d148: 0.0034,d089: 0.0034,d278: 0.0032,d288: 0.0032,d210: 0.0030,d216: 0.0030,d213: 0.0029,d093: 0.0028,d009: 0.0028,d024: 0.0027,d133: 0.0027,d080: 0.0026,d022: 0.0026,d123: 0.0026,d264: 0.0025,d201: 0.0025,d040: 0.0025,d050: 0.0024,d301: 0.0023,d237: 0.0023,d219: 0.0023,d251: 0.0022,d209: 0.0022,d028: 0.0022,d287: 0.0021,d013: 0.0021,d001: 0.0020,d274: 0.0020,d030: 0.0019,d281: 0.0019,d131: 0.0019,d083: 0.0018,d135: 0.0018,d308: 0.0017,d170: 0.0017,d320: 0.0017,d240: 0.0017,d076: 0.0017,d073: 0.0016,d286: 0.0016,d121: 0.0016,d205: 0.0016,d200: 0.0016,d087: 0.0016,d085: 0.0015,d195: 0.0015,d015: 0.0014,d079: 0.0014,d164: 0.0013,d193: 0.0013,d241: 0.0013,d042: 0.0013,d038: 0.0013,d203: 0.0012
q40	d307: 0.1064,d283: 0.0835,d250: 0.0772,d042: 0.0741,d252: 0.0527,d228: 0.0521,d047: 0.0485,d262: 0.0420,d242: 0.0382,d122: 0.0354,d112: 0.0351,d046: 0.0345,d098: 0.0339,d058: 0.0310,d131: 0.0306,d288: 0.0300,d173: 0.0294,d238: 0.0284,d142: 0.0279,d225: 0.0260,d022: 0.0258,d248: 0.0232,d291: 0.0228,d064: 0.0226,d082: 0.0220,d263: 0.0189,d223: 0.0185,d111: 0.0183,d144: 0.0176,d012: 0.0170,d189: 0.0165,d249: 0.0165,d106: 0.0159,d306: 0.0158,d124: 0.0155,d113: 0.0149,d325: 0.0148,d063: 0.0142,d241: 0.0142,d174: 0.0141,d138: 0.0140,d164: 0.0137,d117: 0.0136,d279: 0.0135,d091: 0.0127,d296: 0.0121,d275: 0.0119,d318: 0.0117,d147: 0.0116,d152: 0.0113,d105: 0.0108,d222: 0.0106,d031: 0.0102,d271: 0.0099,d118: 0.0097,d035: 0.0086,d200: 0.0084,d119: 0.0082,d254: 0.0082,d197: 0.0080,d121: 0.0079,d257: 0.0077,d092: 0.0077,d051: 0.0076,d093: 0.0074,d025: 0.0074,d136: 0.0073,d021: 0.0072,d194: 0.0069,d125: 0.0069,d161: 0.0068,d234: 0.0067,d017: 0.0066,d175: 0.0062,d258: 0.0057,d179: 0.0056,d109: 0.0054,d293: 0.0051,d080: 0.0051,d039: 0.0051,d040: 0.0049,d220: 0.0046,d192: 0.0043,d158: 0.0043,d300: 0.0042,d153: 0.0042,d266: 0.0041,d272: 0.0040,d075: 0.0039,d281: 0.0038,d177: 0.0036,d207: 0.0036,d083: 0.0036,d317: 0.0036,d056: 0.0035,d321: 0.0035,d135: 0.0035,d269: 0.0034,d126: 0.0034,d089: 0.0033,d215: 0.0033,d160: 0.0033,d006: 0.0033,d286: 0.0031,d188: 0.0031,d305: 0.0030,d077: 0.0030,d100: 0.0029,d149: 0.0029,d094: 0.0028,d079: 0.0027,d123: 0.0025,d203: 0.0024
q41	d150: 0.0639,d268: 0.0561,d174: 0.0517,d291: 0.0390,d128: 0.0362,d121: 0.0272,d036: 0.0233,d014: 0.0180,d330: 0.0133,d050: 0.0131,d195: 0.0125,d209: 0.0121,d266: 0.0116,d272: 0.0113,d223: 0.0097,d306: 0.0095,d092: 0.0083,d236: 0.0080,d079: 0.0076,d310: 0.0072,d228: 0.0072,d227: 0.0071,d091: 0.0066,d102: 0.0066,d007: 0.0064,d017: 0.0062,d192: 0.0061,d156: 0.0060,d311: 0.0060,d088: 0.0059,d177: 0.0059,d078: 0.0057,d023: 0.0057,d309: 0.0056,d159: 0.0056,d099: 0.0053,d122: 0.0053,d297: 0.0053,d279: 0.0053,d130: 0.0052,d140: 0.0051,d101: 0.0050,d056: 0.0050,d161: 0.0048,d004: 0.0046,d012: 0.0045,d137: 0.0044,d200: 0.0044,d087: 0.0043,d105: 0.0043,d027: 0.0043,d077: 0.0043,d115: 0.0043,d162: 0.0042,d210: 0.0042,d055: 0.0041,d257: 0.0040,d094: 0.0039,d199: 0.0037,d249: 0.0037,d157: 0.0037,d189: 0.0036,d039: 0.0036,d263: 0.0035,d203: 0.0034,d175: 0.0032,d294: 0.0032,d158: 0.0030,d184: 0.0029,d260: 0.0028
q42	d298: 0.4076,d220: 0.1859,d162: 0.1051,d095: 0.0846,d314: 0.0332,d125: 0.0274,d218: 0.0268,d048: 0.0209,d272: 0.0201,d174: 0.0200,d216: 0.0189,d208: 0.0185,d224: 0.0176,d241: 0.0169,d203: 0.0165,d069: 0.0136,d227: 0.0133,d156: 0.0123,d062: 0.0116,d168: 0.0113,d280: 0.0104,d276: 0.0100,d043: 0.0099,d202: 0.0098,d252: 0.0088,d084: 0.0087,d122: 0.0085,d195: 0.0083,d146: 0.0082,d198: 0.0079,d010: 0.0078,d155: 0.0076,d196: 0.0072,d264: 0.0072,d268: 0.0072,d061: 0.0071,d222: 0.0071,d114: 0.0069,d248: 0.0066,d148: 0.0063,d215: 0.0062,d300: 0.0061,d089: 0.0061,d207: 0.0060,d078: 0.0058,d273: 0.0055,d041: 0.0054,d236: 0.0053,d083: 0.0051,d312: 0.0051,d099: 0.0049,d126: 0.0049,d161: 0.0049,d116: 0.0049,d191: 0.0049,d327: 0.0049,d144: 0.0048,d076: 0.0048,d265: 0.0048,d260: 0.0047,d167: 0.0046,d286: 0.0045,d188: 0.0045,d001: 0.0045,d256: 0.0044,d119: 0.0044,d299: 0.0041,d163: 0.0040,d210: 0.0039,d259: 0.0039,d008: 0.0039,d128: 0.0039,d024: 0.0039,d022: 0.0038,d049: 0.0037,d111: 0.0037,d073: 0.0036,d070: 0.0035,d118: 0.0034,d100: 0.0033,d170: 0.0032,d320: 0.0032,d081: 0.0032,d257: 0.0032,d247: 0.0032,d072: 0.0032,d303: 0.0032,d277: 0.0031,d211: 0.0031,d006: 0.0031,d258: 0.0030,d175: 0.0030,d159: 0.0029,d055: 0.0027,d154: 0.0027,d255: 0.0027,d103: 0.0026,d285: 0.0025,d251: 0.0024,d249: 0.0024,d157: 0.0024,d020: 0.0024,d123: 0.0024,d033: 0.0024,d201: 0.0023,d087: 0.0023,d245: 0.0023,d221: 0.0022,d092: 0.0022,d283: 0.0022,d328: 0.0019,d316: 0.0019,d040: 0.0018,d091: 0.0018,d011: 0.0017,d110: 0.0017,d270: 0.0017,d261: 0.0017,d319: 0.0017,d028: 0.0016,d172: 0.0016,d088: 0.0016,d292: 0.0015,d023: 0.0015,d309: 0.0015,d065: 0.0014,d051: 0.0014,d060: 0.0014,d131: 0.0014,d279: 0.0014,d071: 0.0014,d037: 0.0014,d056: 0.0013,d267: 0.0013,d135: 0.0013,d177: 0.0013,d018: 0.0013,d108: 0.0013,d180: 0.0013,d014: 0.0012,d235: 0.0012,d137: 0.0012,d032: 0.0012,d105: 0.0011,d085: 0.0011,d053: 0.0011,d182: 0.0010,d094: 0.0010,d214: 0.0010,d068: 0.0010,d304: 0.0010,d189: 0.0010,d143: 0.0009,d098: 0.0009,d294: 0.0008,d158: 0.0008,d184: 0.0008
q44	d220: 0.2471,d162: 0.1397,d029: 0.1194,d095: 0.1125,d105: 0.0958,d239: 0.0750,d185: 0.0494,d164: 0.0472,d254: 0.0410,d246: 0.0299,d085: 0.0285,d272: 0.0268,d314: 0.0249,d126: 0.0215,d148: 0.0211,d193: 0.0180,d182: 0.0162,d059: 0.0141,d067: 0.0135,d060: 0.0128,d071: 0.0125,d117: 0.0125,d003: 0.0120,d046: 0.0116,d191: 0.0115,d215: 0.0112,d271: 0.0111,d073: 0.0111,d170: 0.0108,d325: 0.0107,d181: 0.0106,d267: 0.0103,d252: 0.0096,d305: 0.0096,d016: 0.0094,d278: 0.0093,d139: 0.0085,d055: 0.0085,d304: 0.0081,d203: 0.0081,d042: 0.0081,d262: 0.0073,d167: 0.0065,d184: 0.0064,d048: 0.0054,d177: 0.0040
q45	d105: 0.1557,d126: 0.0801,d029: 0.0645,d085: 0.0642,d185: 0.0569,d170: 0.0498,d164: 0.0385,d254: 0.0362,d302: 0.0310,d252: 0.0307,d148: 0.0229,d188: 0.0219,d204: 0.0207,d162: 0.0178,d003: 0.0173,d100: 0.0142,d055: 0.0141,d090: 0.0127,d101: 0.0120,d324: 0.0119,d305: 0.0104,d016: 0.0102,d074: 0.0096,d118: 0.0088,d304: 0.0088,d042: 0.0088,d267: 0.0080,d225: 0.0079,d223: 0.0077,d285: 0.0075,d184: 0.0069,d152: 0.0069,d149: 0.0066,d283: 0.0066,d015: 0.0062,d109: 0.0061,d038: 0.0058,d228: 0.0057,d316: 0.0056,d143: 0.0053,d091: 0.0053,d054: 0.0052,d081: 0.0048,d171: 0.0045,d067: 0.0044,d260: 0.0044,d062: 0.0043,d271: 0.0043,d325: 0.0042,d034: 0.0040,d103: 0.0040,d306: 0.0038,d076: 0.0037,d215: 0.0037,d322: 0.0037,d132: 0.0037,d073: 0.0036,d330: 0.0035,d200: 0.0035,d138: 0.0034,d010: 0.0033,d147: 0.0033,d026: 0.0032,d179: 0.0031,d093: 0.0031,d079: 0.0030,d024: 0.0030,d168: 0.0029,d039: 0.0029,d262: 0.0028,d136: 0.0028,d175: 0.0026,d294: 0.0025,d251: 0.0024,d158: 0.0024
q46	d145: 0.1684,d013: 0.1084,d321: 0.1040,d133: 0.0958,d121: 0.0878,d122: 0.0854,d081: 0.0781,d091: 0.0736,d041: 0.0704,d030: 0.0692,d093: 0.0663,d156: 0.0630,d066: 0.0619,d002: 0.0528,d144: 0.0519,d082: 0.0505,d180: 0.0499,d022: 0.0476,d125: 0.0460,d136: 0.0443,d117: 0.0442,d094: 0.0439,d280: 0.0436,d005: 0.0386,d075: 0.0369,d062: 0.0363,d130: 0.0345,d188: 0.0342,d142: 0.0310,d088: 0.0309,d247: 0.0305,d171: 0.0296,d314: 0.0269,d242: 0.0254,d104: 0.0244,d150: 0.0231,d105: 0.0225,d009: 0.0203,d097: 0.0198,d181: 0.0195,d277: 0.0180,d288: 0.0170,d219: 0.0169,d115: 0.0161,d153: 0.0156,d051: 0.0142,d174: 0.0135,d178: 0.0134,d215: 0.0121,d238: 0.0121,d110: 0.0120,d308: 0.0116,d192: 0.0116,d077: 0.0112,d152: 0.0112,d023: 0.0111,d168: 0.0096,d157: 0.0096,d089: 0.0089,d254: 0.0087,d143: 0.0079,d147: 0.0079,d052: 0.0071,d293: 0.0069,d190: 0.0068,d272: 0.0005,d146: 0.0005,d076: 0.0005,d213: 0.0005,d320: 0.0004,d223: 0.0003,d312: 0.0003,d214: 0.0003,d151: 0.0003,d267: 0.0003,d315: 0.0003,d231: 0.0003,d329: 0.0003,d330: 0.0003,d028: 0.0002,d313: 0.0002,d172: 0.0002,d198: 0.0002,d018: 0.0002,d201: 0.0002,d159: 0.0002,d275: 0.0002,d064: 0.0002,d274: 0.0002,d073: 0.0002,d208: 0.0002,d004: 0.0002,d205: 0.0002,d199: 0.0002,d301: 0.0002,d245: 0.0002,d217: 0.0002,d229: 0.0002,d236: 0.0002,d155: 0.0002,d113: 0.0002,d120: 0.0002,d292: 0.0002,d169: 0.0002,d323: 0.0002,d289: 0.0002,d268: 0.0002,d012: 0.0002,d167: 0.0002,d069: 0.0002,d189: 0.0002,d228: 0.0002,d058: 0.0002,d099: 0.0002,d060: 0.0002,d131: 0.0002,d195: 0.0002,d154: 0.0002,d114: 0.0002,d056: 0.0002,d103: 0.0002,d011: 0.0002,d202: 0.0002,d233: 0.0002,d015: 0.0002,d175: 0.0002,d046: 0.0002,d270: 0.0002,d106: 0.0002,d068: 0.0002,d048: 0.0002,d249: 0.0002,d256: 0.0002,d239: 0.0001,d204: 0.0001,d020: 0.0001,d074: 0.0001,d044: 0.0001,d124: 0.0001,d129: 0.0001,d134: 0.0001,d087: 0.0001,d221: 0.0001,d111: 0.0001,d100: 0.0001,d283: 0.0001,d065: 0.0001,d176: 0.0001,d098: 0.0001,d186: 0.0001,d182: 0.0001,d017: 0.0001,d331: 0.0001,d317: 0.0001,d234: 0.0001,d194: 0.0001,d116: 0.0001,d304: 0.0001,d244: 0.0001,d191: 0.0001,d327: 0.0001,d303: 0.0001,d306: 0.0001,d264: 0.0001,d211: 0.0001,d240: 0.0001,d049: 0.0001,d316: 0.0001,d160: 0.0001,d047: 0.0001,d006: 0.0001,d322: 0.0001,d302: 0.0001,d185: 0.0001,d235: 0.0001,d050: 0.0001,d027: 0.0001,d183: 0.0001,d107: 0.0001,d138: 0.0001,d291: 0.0001,d010: 0.0001,d261: 0.0001,d086: 0.0001,d319: 0.0001,d248: 0.0001,d257: 0.0001,d209: 0.0001,d158: 0.0001,d021: 0.0001,d250: 0.0001,d109: 0.0001,d024: 0.0001,d165: 0.0001,d309: 0.0001,d241: 0.0001,d118: 0.0001,d039: 0.0001,d061: 0.0001,d123: 0.0001,d297: 0.0001,d324: 0.0001,d071: 0.0001,d037: 0.0001,d140: 0.0001,d226: 0.0001,d101: 0.0001,d063: 0.0001,d112: 0.0001,d135: 0.0001,d177: 0.0001,d298: 0.0001,d318: 0.0001,d246: 0.0001,d126: 0.0001,d212: 0.0001,d108: 0.0001,d294: 0.0001,d148: 0.0001,d285: 0.0001,d251: 0.0001,d132: 0.0001,d278: 0.0001,d286: 0.0001,d032: 0.0001,d184: 0.0001,d162: 0.0001,d216: 0.0001,d260: 0.0001,d149: 0.0001,d055: 0.0001,d271: 0.0001,d003: 0.0001,d026: 0.0001,d095: 0.0001,d173: 0.0001,d025: 0.0001,d090: 0.0001,d262: 0.0001,d033: 0.0001,d040: 0.0001,d203: 0.0001,d029: 0.0001,d102: 0.0001,d220: 0.0001,d295: 0.0001,d054: 0.0001,d290: 0.0001,d163: 0.0000,d258: 0.0000,d072: 0.0000,d287: 0.0000,d019: 0.0000,d273: 0.0000,d128: 0.0000,d266: 0.0000,d057: 0.0000,d196: 0.0000,d281: 0.0000,d031: 0.0000,d279: 0.0000,d325: 0.0000,d045: 0.0000,d207: 0.0000,d083: 0.0000,d034: 0.0000,d253: 0.0000,d269: 0.0000,d161: 0.0000,d036: 0.0000,d166: 0.0000,d284: 0.0000,d296: 0.0000,d282: 0.0000,d014: 0.0000,d265: 0.0000,d307: 0.0000,d197: 0.0000,d137: 0.0000,d252: 0.0000,d305: 0.0000,d119: 0.0000,d096: 0.0000,d210: 0.0000,d092: 0.0000,d053: 0.0000,d179: 0.0000,d084: 0.0000,d164: 0.0000,d193: 0.0000,d038: 0.0000,d328: 0.0000,d080: 0.0000,d227: 0.0000,d139: 0.0000,d263: 0.0000,d141: 0.0000
